Type;FromPath;FromClass;FromEntity;FromLineNo;Relations;ToPath;ToClass;ToEntity;ToClassType;ToLineNo
CBO;wizmachine/data/sprdata.cs;SprFileHead;ToUnsafe;127;CALLS;wizmachine/data/sprdata.cs;US_SprFileHead;SetReserved;CLASS;39
CBO;wizmachine/data/sprdata.cs;SprFileHead;ToUnsafe;127;CALLS;wizmachine/data/sprdata.cs;US_SprFileHead;SetVersionInfoStr;CLASS;31
CBO;wizmachine/data/sprdata.cs;SprFileHead$SprFileHeadCache;SprFileHeadCache;168;CALLS;C:\Program Files\dotnet\packs\Microsoft.NETCore.App.Ref\6.0.20\ref\net6.0\System.Runtime.dll;Array;Copy;CLASS;0
CBO;wizmachine/data/sprdata.cs;SprFileHead$SprFileHeadCache;SprFileHeadCache;168;CALLS;C:\Program Files\dotnet\packs\Microsoft.NETCore.App.Ref\6.0.20\ref\net6.0\System.Runtime.dll;Array;Copy;CLASS;0
CBO;wizmachine/data/sprdata.cs;SprFileHead$SprFileHeadCache;ToUnsafe;260;CALLS;wizmachine/data/sprdata.cs;US_SprFileHead;SetReserved;CLASS;39
CBO;wizmachine/data/sprdata.cs;SprFileHead$SprFileHeadCache;ToUnsafe;260;CALLS;wizmachine/data/sprdata.cs;US_SprFileHead;SetVersionInfoStr;CLASS;31
CBO;wizmachine/data/sprdata.cs;Palette;Palette;398;CALLS;C:\Program Files\dotnet\packs\Microsoft.NETCore.App.Ref\6.0.20\ref\net6.0\System.Runtime.dll;Array;Copy;CLASS;0
CBO;wizmachine/data/sprdata.cs;Palette$PaletteCache;PaletteCache;341;CALLS;C:\Program Files\dotnet\packs\Microsoft.NETCore.App.Ref\6.0.20\ref\net6.0\System.Runtime.dll;Array;Copy;CLASS;0
CBO;wizmachine/data/sprdata.cs;FrameRGBA;get_modifiedFrameRGBACache;492;CALLS;C:\Program Files\dotnet\packs\Microsoft.NETCore.App.Ref\6.0.20\ref\net6.0\System.Runtime.dll;Array;Copy;CLASS;0
CBO;wizmachine/data/sprdata.cs;FrameRGBA$FrameRGBACache;ResetPaletteColorChangedIndex;619;CALLS;C:\Program Files\dotnet\packs\Microsoft.NETCore.App.Ref\6.0.20\ref\net6.0\System.Collections.dll;Dictionary;Clear;CLASS;0
CBO;wizmachine/data/sprdata.cs;FrameRGBA$FrameRGBACache;SetPaletteColorChangedIndex;625;CALLS;C:\Program Files\dotnet\packs\Microsoft.NETCore.App.Ref\6.0.20\ref\net6.0\System.Collections.dll;Dictionary;ContainsKey;CLASS;0
CBO;wizmachine/data/sprdata.cs;FrameRGBA$FrameRGBACache;GetPaletteColorChangedIndex;637;CALLS;C:\Program Files\dotnet\packs\Microsoft.NETCore.App.Ref\6.0.20\ref\net6.0\System.Linq.dll;Enumerable;ToArray;CLASS;0
CBO;wizmachine/data/sprdata.cs;FrameRGBA$FrameRGBACache;GetPaletteColorChangedIndex;637;CALLS;C:\Program Files\dotnet\packs\Microsoft.NETCore.App.Ref\6.0.20\ref\net6.0\System.Linq.dll;Enumerable;Select;CLASS;0
CBO;wizmachine/data/sprdata.cs;FrameRGBA$FrameRGBACache;GetChangedPaletteColors;641;CALLS;C:\Program Files\dotnet\packs\Microsoft.NETCore.App.Ref\6.0.20\ref\net6.0\System.Linq.dll;Enumerable;ToArray;CLASS;0
CBO;wizmachine/data/sprdata.cs;FrameRGBA$FrameRGBACache;GetChangedPaletteColors;641;CALLS;C:\Program Files\dotnet\packs\Microsoft.NETCore.App.Ref\6.0.20\ref\net6.0\System.Linq.dll;Enumerable;Select;CLASS;0
CBO;wizmachine/enginekeeper.cs;EngineKeeper;ForceCheckCallingSignature;22;CALLS;C:\Program Files\dotnet\packs\Microsoft.NETCore.App.Ref\6.0.20\ref\net6.0\System.Runtime.dll;Assembly;GetCallingAssembly;CLASS;0
CBO;wizmachine/enginekeeper.cs;EngineKeeper;ForceCheckCallingSignature;22;CALLS;wizmachine/utils/certmanagerutil.cs;CertManagerUtil;ForceCheckCert;CLASS;38
CBO;wizmachine/services/base/isprworkmanagercore.cs;ISprWorkManagerCore;InitWorkManagerFromSprFile;38;CALLS;wizmachine/utils/extension.cs;SharpExtension;Also;CLASS;102
CBO;wizmachine/services/base/isprworkmanagercore.cs;ISprWorkManagerCore;InitWorkManagerFromSprFile;38;CALLS;wizmachine/services/utils/nativeengine.cs;NativeAPIAdapter;LoadSPRFile;CLASS;164
CBO;wizmachine/services/base/isprworkmanagercore.cs;ISprWorkManagerCore;InitWorkManagerFromSprFile;59;CALLS;wizmachine/utils/extension.cs;Extension;BinToStruct;CLASS;27
CBO;wizmachine/services/base/isprworkmanagercore.cs;ISprWorkManagerCore;InitWorkManagerFromSprFile;59;CALLS;wizmachine/utils/extension.cs;SharpExtension;Let;CLASS;97
CBO;wizmachine/services/base/isprworkmanagercore.cs;ISprWorkManagerCore;SaveCurrentWorkToSpr;81;CALLS;wizmachine/utils/extension.cs;SharpExtension;Apply;CLASS;92
CBO;wizmachine/services/base/isprworkmanagercore.cs;ISprWorkManagerCore;SaveCurrentWorkToSpr;81;CALLS;wizmachine/utils/extension.cs;SharpExtension;Also;CLASS;102
CBO;wizmachine/services/base/isprworkmanagercore.cs;ISprWorkManagerCore;SaveCurrentWorkToSpr;81;CALLS;C:\Program Files\dotnet\packs\Microsoft.NETCore.App.Ref\6.0.20\ref\net6.0\System.Linq.dll;Enumerable;ToArray;CLASS;0
CBO;wizmachine/services/base/isprworkmanagercore.cs;ISprWorkManagerCore;SaveCurrentWorkToSpr;81;CALLS;C:\Program Files\dotnet\packs\Microsoft.NETCore.App.Ref\6.0.20\ref\net6.0\System.Linq.dll;Enumerable;SelectMany;CLASS;0
CBO;wizmachine/services/base/isprworkmanagercore.cs;ISprWorkManagerCore;SaveCurrentWorkToSpr;81;CALLS;wizmachine/utils/logger.cs;Logger$Raw;D;CLASS;61
CBO;wizmachine/services/base/isprworkmanagercore.cs;ISprWorkManagerCore;SaveBitmapSourceToSprFile;153;CALLS;wizmachine/utils/bitmaputil.cs;BitmapUtil;ConvertBitmapSourceToByteArray;CLASS;325
CBO;wizmachine/services/base/isprworkmanagercore.cs;ISprWorkManagerCore;SaveBitmapSourceToSprFile;153;CALLS;wizmachine/utils/bitmaputil.cs;BitmapUtil;CountColors;CLASS;280
CBO;wizmachine/services/base/isprworkmanagercore.cs;ISprWorkManagerCore;SaveBitmapSourceToSprFile;153;CALLS;C:\Program Files\dotnet\packs\Microsoft.NETCore.App.Ref\6.0.20\ref\net6.0\System.Linq.dll;Enumerable;ToArray;CLASS;0
CBO;wizmachine/services/base/isprworkmanagercore.cs;ISprWorkManagerCore;SaveBitmapSourceToSprFile;153;CALLS;C:\Program Files\dotnet\packs\Microsoft.NETCore.App.Ref\6.0.20\ref\net6.0\System.Linq.dll;Enumerable;Select;CLASS;0
CBO;wizmachine/services/impl/sprworkmanageradvance.cs;SprWorkManagerAdvance;WizMachine.Services.Base.ISprWorkManagerAdvance.SetNewColorToGlobalPalette;16;CALLS;wizmachine/utils/extension.cs;SharpExtension;FoEach;CLASS;108
CBO;wizmachine/services/impl/sprworkmanageradvance.cs;SprWorkManagerAdvance;WizMachine.Services.Base.ISprWorkManagerAdvance.SetNewColorToInsertedFramePalette;35;CALLS;wizmachine/data/sprdata.cs;FrameRGBA$FrameRGBACache;GetFramePaletteData;CLASS;600
CBO;wizmachine/services/impl/sprworkmanageradvance.cs;SprWorkManagerAdvance;WizMachine.Services.Base.ISprWorkManagerAdvance.SetNewColorToInsertedFramePalette;35;CALLS;wizmachine/data/sprdata.cs;FrameRGBA$FrameRGBACache;GetFramePaletteData;CLASS;600
CBO;wizmachine/services/impl/sprworkmanageradvance.cs;SprWorkManagerAdvance;WizMachine.Services.Base.ISprWorkManagerAdvance.SetNewColorToInsertedFramePalette;35;CALLS;wizmachine/data/sprdata.cs;FrameRGBA$FrameRGBACache;SetPaletteColorChangedIndex;CLASS;625
CBO;wizmachine/services/impl/sprworkmanageradvance.cs;SprWorkManagerAdvance;WizMachine.Services.Base.ISprWorkManagerAdvance.SetNewColorToInsertedFramePalette;35;CALLS;wizmachine/data/sprdata.cs;FrameRGBA$FrameRGBACache;GetFramePaletteData;CLASS;600
CBO;wizmachine/services/impl/sprworkmanageradvance.cs;SprWorkManagerAdvance;WizMachine.Services.Base.ISprWorkManagerAdvance.InsertFrame;70;CALLS;wizmachine/data/sprdata.cs;FrameRGBA$FrameRGBACache;SetCopiedPaletteData;CLASS;595
CBO;wizmachine/services/impl/sprworkmanageradvance.cs;SprWorkManagerAdvance;WizMachine.Services.Base.ISprWorkManagerAdvance.InsertFrame;70;CALLS;wizmachine/data/sprdata.cs;SprFileHead;CreateSprFileHead;CLASS;152
CBO;wizmachine/services/impl/sprworkmanageradvance.cs;SprWorkManagerAdvance;WizMachine.Services.Base.ISprWorkManagerAdvance.InsertFrame;70;CALLS;C:\Program Files\dotnet\packs\Microsoft.NETCore.App.Ref\6.0.20\ref\net6.0\System.Runtime.dll;Array;Copy;CLASS;0
CBO;wizmachine/services/impl/sprworkmanageradvance.cs;SprWorkManagerAdvance;WizMachine.Services.Base.ISprWorkManagerAdvance.InsertFrame;70;CALLS;C:\Program Files\dotnet\packs\Microsoft.NETCore.App.Ref\6.0.20\ref\net6.0\System.Runtime.InteropServices.dll;Marshal;SizeOf;CLASS;0
CBO;wizmachine/services/impl/sprworkmanageradvance.cs;SprWorkManagerAdvance;WizMachine.Services.Base.ISprWorkManagerAdvance.SwitchFrame;166;CALLS;wizmachine/utils/logger.cs;Logger;E;CLASS;51
CBO;wizmachine/services/impl/sprworkmanageradvance.cs;SprWorkManagerAdvance;WizMachine.Services.Base.ISprWorkManagerAdvance.SwitchFrame;166;CALLS;wizmachine/utils/logger.cs;Logger;E;CLASS;51
CBO;wizmachine/services/impl/sprworkmanageradvance.cs;SprWorkManagerAdvance;WizMachine.Services.Base.ISprWorkManagerAdvance.GetDecodedBGRAData;253;CALLS;wizmachine/data/sprdata.cs;FrameRGBA$FrameRGBACache;GetPaletteColorChangedIndex;CLASS;637
CBO;wizmachine/services/impl/sprworkmanageradvance.cs;SprWorkManagerAdvance;WizMachine.Services.Base.ISprWorkManagerAdvance.GetDecodedBGRAData;253;CALLS;wizmachine/utils/extension.cs;SharpExtension;FoEach;CLASS;116
CBO;wizmachine/services/impl/sprworkmanageradvance.cs;SprWorkManagerAdvance;WizMachine.Services.Base.ISprWorkManagerAdvance.GetDecodedBGRAData;253;CALLS;wizmachine/data/sprdata.cs;FrameRGBA$FrameRGBACache;ResetPaletteColorChangedIndex;CLASS;619
CBO;wizmachine/services/impl/sprworkmanagercore.cs;SprWorkManagerCore;FindClosetRGBColorInPalette;71;CALLS;wizmachine/utils/colorutil.cs;ColorUtil;CalculateRGBEuclideanDistance;CLASS;17
CBO;wizmachine/services/impl/sprworkmanagercore.cs;SprWorkManagerCore;EncryptFrameData;91;CALLS;wizmachine/utils/extension.cs;Extension;CopyStructToList;CLASS;16
CBO;wizmachine/services/impl/sprworkmanagercore.cs;SprWorkManagerCore;EncryptFrameData;91;CALLS;C:\Program Files\dotnet\packs\Microsoft.NETCore.App.Ref\6.0.20\ref\net6.0\System.Collections.dll;List;Add;CLASS;0
CBO;wizmachine/services/impl/sprworkmanagercore.cs;SprWorkManagerCore;EncryptFrameData;91;CALLS;C:\Program Files\dotnet\packs\Microsoft.NETCore.App.Ref\6.0.20\ref\net6.0\System.Collections.dll;List;Add;CLASS;0
CBO;wizmachine/services/impl/sprworkmanagercore.cs;SprWorkManagerCore;EncryptFrameData;91;CALLS;C:\Program Files\dotnet\packs\Microsoft.NETCore.App.Ref\6.0.20\ref\net6.0\System.Collections.dll;List;Add;CLASS;0
CBO;wizmachine/services/impl/sprworkmanagercore.cs;SprWorkManagerCore;EncryptFrameData;91;CALLS;C:\Program Files\dotnet\packs\Microsoft.NETCore.App.Ref\6.0.20\ref\net6.0\System.Collections.dll;List;Add;CLASS;0
CBO;wizmachine/services/impl/sprworkmanagercore.cs;SprWorkManagerCore;EncryptFrameData;91;CALLS;C:\Program Files\dotnet\packs\Microsoft.NETCore.App.Ref\6.0.20\ref\net6.0\System.Collections.dll;List;Add;CLASS;0
CBO;wizmachine/services/impl/sprworkmanagercore.cs;SprWorkManagerCore;EncryptFrameData;91;CALLS;C:\Program Files\dotnet\packs\Microsoft.NETCore.App.Ref\6.0.20\ref\net6.0\System.Collections.dll;List;AddRange;CLASS;0
CBO;wizmachine/services/impl/sprworkmanagercore.cs;SprWorkManagerCore;EncryptFrameData;91;CALLS;C:\Program Files\dotnet\packs\Microsoft.NETCore.App.Ref\6.0.20\ref\net6.0\System.Collections.dll;List;ToArray;CLASS;0
CBO;wizmachine/services/impl/sprworkmanagercore.cs;SprWorkManagerCore;WritePaletteColorToByteList;174;CALLS;C:\Program Files\dotnet\packs\Microsoft.NETCore.App.Ref\6.0.20\ref\net6.0\System.Collections.dll;List;Add;CLASS;0
CBO;wizmachine/services/impl/sprworkmanagercore.cs;SprWorkManagerCore;WritePaletteColorToByteList;174;CALLS;C:\Program Files\dotnet\packs\Microsoft.NETCore.App.Ref\6.0.20\ref\net6.0\System.Collections.dll;List;Add;CLASS;0
CBO;wizmachine/services/impl/sprworkmanagercore.cs;SprWorkManagerCore;WritePaletteColorToByteList;174;CALLS;C:\Program Files\dotnet\packs\Microsoft.NETCore.App.Ref\6.0.20\ref\net6.0\System.Collections.dll;List;Add;CLASS;0
CBO;wizmachine/services/impl/sprworkmanagercore.cs;SprWorkManagerCore;WriteFrameOffsetInfoList;181;CALLS;wizmachine/utils/extension.cs;Extension;CopyStructToList;CLASS;16
CBO;wizmachine/services/impl/sprworkmanagercore.cs;SprWorkManagerCore;EncryptedSprFile;163;CALLS;wizmachine/data/sprdata.cs;US_SprFileHead;SetVersionInfoStr;CLASS;23
CBO;wizmachine/services/impl/sprworkmanagercore.cs;SprWorkManagerCore;EncryptedSprFile;163;CALLS;wizmachine/data/sprdata.cs;US_SprFileHead;SetReserved;CLASS;39
CBO;wizmachine/services/impl/sprworkmanagercore.cs;SprWorkManagerCore;EncryptedSprFile;163;CALLS;wizmachine/utils/extension.cs;Extension;CopyStructToList;CLASS;16
CBO;wizmachine/services/impl/sprworkmanagercore.cs;SprWorkManagerCore;EncryptedSprFile;163;CALLS;C:\Program Files\dotnet\packs\Microsoft.NETCore.App.Ref\6.0.20\ref\net6.0\System.Collections.dll;List;AddRange;CLASS;0
CBO;wizmachine/services/impl/sprworkmanagercore.cs;SprWorkManagerCore;EncryptedSprFile;163;CALLS;C:\Program Files\dotnet\packs\Microsoft.NETCore.App.Ref\6.0.20\ref\net6.0\System.Collections.dll;List;ToArray;CLASS;0
CBO;wizmachine/services/impl/sprworkmanagercore.cs;SprWorkManagerCore;WizMachine.Services.Base.ISprWorkManagerCore.ApplyNewPaletteToOldFrames;244;CALLS;wizmachine/utils/extension.cs;SharpExtension;FoEach;CLASS;108
CBO;wizmachine/services/impl/sprworkmanagercore.cs;SprWorkManagerCore;WizMachine.Services.Base.ISprWorkManagerCore.ApplyNewPaletteToInsertedFrames;255;CALLS;wizmachine/utils/extension.cs;SharpExtension;FoEach;CLASS;108
CBO;wizmachine/services/impl/sprworkmanagercore.cs;SprWorkManagerCore;WizMachine.Services.Base.ISprWorkManagerCore.IsNeedToApplyNewPaletteToOldFrames;266;CALLS;wizmachine/data/sprdata.cs;Palette;IsSame;CLASS;416
CBO;wizmachine/services/impl/sprworkmanagercore.cs;SprWorkManagerCore;WizMachine.Services.Base.ISprWorkManagerCore.InitFromFileHead;301;CALLS;wizmachine/data/sprdata.cs;US_SprFileHead;GetVersionInfo;CLASS;58
CBO;wizmachine/services/impl/sprworkmanagercore.cs;SprWorkManagerCore;WizMachine.Services.Base.ISprWorkManagerCore.InitFromFileHead;301;CALLS;wizmachine/data/sprdata.cs;US_SprFileHead;GetReserved;CLASS;68
CBO;wizmachine/services/impl/sprworkmanagercore.cs;SprWorkManagerCore;WizMachine.Services.Base.ISprWorkManagerCore.InitFromFileHead;301;CALLS;C:\Program Files\dotnet\packs\Microsoft.NETCore.App.Ref\6.0.20\ref\net6.0\System.Runtime.InteropServices.dll;Marshal;SizeOf;CLASS;0
CBO;wizmachine/services/impl/sprworkmanagercore.cs;SprWorkManagerCore;WizMachine.Services.Base.ISprWorkManagerCore.InitPaletteDataFromFileStream;318;CALLS;C:\Program Files\dotnet\packs\Microsoft.NETCore.App.Ref\6.0.20\ref\net6.0\System.Runtime.InteropServices.dll;Marshal;SizeOf;CLASS;0
CBO;wizmachine/services/impl/sprworkmanagercore.cs;SprWorkManagerCore;WizMachine.Services.Base.ISprWorkManagerCore.InitFrameData;330;READS;wizmachine/services/impl/sprworkmanagercore.cs;ColorMode;RGBA;CLASS;702
CBO;wizmachine/services/impl/sprworkmanagercore.cs;SprWorkManagerCore;WizMachine.Services.Base.ISprWorkManagerCore.InitFrameData;330;CALLS;wizmachine/utils/extension.cs;SharpExtension;Apply;CLASS;92
CBO;wizmachine/services/impl/sprworkmanagercore.cs;SprWorkManagerCore;WizMachine.Services.Base.ISprWorkManagerCore.InitFrameData;330;CALLS;wizmachine/utils/logger.cs;Logger;I;CLASS;44
CBO;wizmachine/services/impl/sprworkmanagercore.cs;SprWorkManagerCore;WizMachine.Services.Base.ISprWorkManagerCore.GetByteArrayFromHeader;360;CALLS;wizmachine/data/sprdata.cs;SprFileHead$SprFileHeadCache;ToUnsafe;CLASS;260
CBO;wizmachine/services/impl/sprworkmanagercore.cs;SprWorkManagerCore;WizMachine.Services.Base.ISprWorkManagerCore.GetByteArrayFromHeader;360;CALLS;wizmachine/utils/extension.cs;Extension;ToByteArray;CLASS;49
CBO;wizmachine/services/impl/sprworkmanagercore.cs;SprWorkManagerCore;WizMachine.Services.Base.ISprWorkManagerCore.GetByteArrayFromHeader;360;CALLS;wizmachine/utils/extension.cs;Extension;ToByteArray;CLASS;49
CBO;wizmachine/services/impl/sprworkmanagercore.cs;SprWorkManagerCore;WizMachine.Services.Base.ISprWorkManagerCore.GetByteArrayFromHeader;360;CALLS;wizmachine/data/sprdata.cs;SprFileHead$SprFileHeadCache;ToUnsafe;CLASS;260
CBO;wizmachine/services/impl/sprworkmanagercore.cs;SprWorkManagerCore;WizMachine.Services.Base.ISprWorkManagerCore.GetByteArrayFromHeader;360;CALLS;wizmachine/utils/extension.cs;Extension;ToByteArray;CLASS;49
CBO;wizmachine/services/impl/sprworkmanagercore.cs;SprWorkManagerCore;WizMachine.Services.Base.ISprWorkManagerCore.GetByteArrayFromHeader;360;CALLS;wizmachine/data/sprdata.cs;SprFileHead;ToUnsafe;CLASS;127
CBO;wizmachine/services/impl/sprworkmanagercore.cs;SprWorkManagerCore;WizMachine.Services.Base.ISprWorkManagerCore.GetByteArrayFromAllFramesOffsetInfo;375;CALLS;C:\Program Files\dotnet\packs\Microsoft.NETCore.App.Ref\6.0.20\ref\net6.0\System.Runtime.InteropServices.dll;Marshal;SizeOf;CLASS;0
CBO;wizmachine/services/impl/sprworkmanagercore.cs;SprWorkManagerCore;WizMachine.Services.Base.ISprWorkManagerCore.GetByteArrayFromAllFramesOffsetInfo;375;CALLS;wizmachine/utils/extension.cs;Extension;CopyStructToArray;CLASS;60
CBO;wizmachine/services/impl/sprworkmanagercore.cs;SprWorkManagerCore;WizMachine.Services.Base.ISprWorkManagerCore.GetByteArrayFromPaletteData;392;CALLS;C:\Program Files\dotnet\packs\Microsoft.NETCore.App.Ref\6.0.20\ref\net6.0\System.Linq.dll;Enumerable;ToArray;CLASS;0
CBO;wizmachine/services/impl/sprworkmanagercore.cs;SprWorkManagerCore;WizMachine.Services.Base.ISprWorkManagerCore.GetByteArrayFromPaletteData;392;CALLS;C:\Program Files\dotnet\packs\Microsoft.NETCore.App.Ref\6.0.20\ref\net6.0\System.Linq.dll;Enumerable;SelectMany;CLASS;0
CBO;wizmachine/services/impl/sprworkmanagercore.cs;SprWorkManagerCore;WizMachine.Services.Base.ISprWorkManagerCore.GetByteArrayFromPaletteData;392;CALLS;C:\Program Files\dotnet\packs\Microsoft.NETCore.App.Ref\6.0.20\ref\net6.0\System.Linq.dll;Enumerable;ToArray;CLASS;0
CBO;wizmachine/services/impl/sprworkmanagercore.cs;SprWorkManagerCore;WizMachine.Services.Base.ISprWorkManagerCore.GetByteArrayFromPaletteData;392;CALLS;C:\Program Files\dotnet\packs\Microsoft.NETCore.App.Ref\6.0.20\ref\net6.0\System.Linq.dll;Enumerable;SelectMany;CLASS;0
CBO;wizmachine/services/impl/sprworkmanagercore.cs;SprWorkManagerCore;WizMachine.Services.Base.ISprWorkManagerCore.GetByteArrayFromEncryptedFrameData;402;CALLS;wizmachine/data/sprdata.cs;FrameRGBA;IsFrameSizeChanged;CLASS;507
CBO;wizmachine/services/impl/sprworkmanagercore.cs;SprWorkManagerCore;WizMachine.Services.Base.ISprWorkManagerCore.GetByteArrayFromEncryptedFrameData;402;CALLS;wizmachine/utils/extension.cs;SharpExtension;Let;CLASS;97
CBO;wizmachine/services/impl/sprworkmanagercore.cs;SprWorkManagerCore;WizMachine.Services.Base.ISprWorkManagerCore.GetByteArrayFromEncryptedFrameData;402;CALLS;wizmachine/utils/extension.cs;SharpExtension;Let;CLASS;97
CBO;wizmachine/services/impl/sprworkmanagercore.cs;SprWorkManagerCore;WizMachine.Services.Base.ISprWorkManagerCore.RecalculatePaletteColorForAllInsertedFrame;515;CALLS;C:\Program Files\dotnet\packs\Microsoft.NETCore.App.Ref\6.0.20\ref\net6.0\System.Linq.dll;Enumerable;ToArray;CLASS;0
CBO;wizmachine/services/impl/sprworkmanagercore.cs;SprWorkManagerCore;WizMachine.Services.Base.ISprWorkManagerCore.RecalculatePaletteColorForAllInsertedFrame;515;CALLS;C:\Program Files\dotnet\packs\Microsoft.NETCore.App.Ref\6.0.20\ref\net6.0\System.Linq.dll;Enumerable;Select;CLASS;0
CBO;wizmachine/services/impl/sprworkmanagercore.cs;SprWorkManagerCore;WizMachine.Services.Base.ISprWorkManagerCore.RecalculatePaletteColorForAllInsertedFrame;515;CALLS;wizmachine/utils/bitmaputil.cs;BitmapUtil;SelectMostUsePaletteColorFromCountableColorSource;CLASS;13
CBO;wizmachine/services/impl/sprworkmanagercore.cs;SprWorkManagerCore;IsContainInsertedFrameInternal;544;CALLS;C:\Program Files\dotnet\packs\Microsoft.NETCore.App.Ref\6.0.20\ref\net6.0\System.Linq.dll;Enumerable;Any;CLASS;0
CBO;wizmachine/services/impl/sprworkmanagercore.cs;SprWorkManagerCore;InitDecodedFrameData;549;READS;wizmachine/services/impl/sprworkmanagercore.cs;ColorMode;RGB;CLASS;702
CBO;wizmachine/services/impl/sprworkmanagercore.cs;SprWorkManagerCore;InitDecodedFrameData;549;READS;wizmachine/services/impl/sprworkmanagercore.cs;ColorMode;RGBA;CLASS;702
CBO;wizmachine/services/impl/sprworkmanagercore.cs;SprWorkManagerCore;InitDecodedFrameData;549;READS;wizmachine/services/impl/sprworkmanagercore.cs;ColorMode;BGRA;CLASS;702
CBO;wizmachine/services/impl/sprworkmanagercore.cs;SprWorkManagerCore;InitDecodedFrameData;549;CALLS;wizmachine/utils/extension.cs;Extension;BinToStruct;CLASS;27
CBO;wizmachine/services/impl/sprworkmanagercore.cs;SprWorkManagerCore;InitDecodedFrameData;549;CALLS;C:\Program Files\dotnet\packs\Microsoft.NETCore.App.Ref\6.0.20\ref\net6.0\System.Runtime.InteropServices.dll;Marshal;SizeOf;CLASS;0
CBO;wizmachine/services/impl/sprworkmanagercore.cs;SprWorkManagerCore;InitDecodedFrameData;549;CALLS;C:\Program Files\dotnet\packs\Microsoft.NETCore.App.Ref\6.0.20\ref\net6.0\System.Runtime.InteropServices.dll;Marshal;SizeOf;CLASS;0
CBO;wizmachine/services/impl/sprworkmanagercore.cs;SprWorkManagerCore;InitDecodedFrameData;549;CALLS;wizmachine/utils/extension.cs;Extension;BinToStruct;CLASS;27
CBO;wizmachine/services/impl/sprworkmanagercore.cs;SprWorkManagerCore;InitDecodedFrameData;549;CALLS;wizmachine/utils/extension.cs;Extension;CopyStructToArray;CLASS;60
CBO;wizmachine/services/impl/sprworkmanagercore.cs;SprWorkManagerCore;InitDecodedFrameData;549;CALLS;C:\Program Files\dotnet\packs\Microsoft.NETCore.App.Ref\6.0.20\ref\net6.0\System.Runtime.InteropServices.dll;Marshal;SizeOf;CLASS;0
CBO;wizmachine/services/impl/sprworkmanagercore.cs;SprWorkManagerCore;InitDecodedFrameData;549;CALLS;C:\Program Files\dotnet\packs\Microsoft.NETCore.App.Ref\6.0.20\ref\net6.0\System.Collections.dll;List;Add;CLASS;0
CBO;wizmachine/services/impl/sprworkmanagercore.cs;SprWorkManagerCore;InitDecodedFrameData;549;CALLS;C:\Program Files\dotnet\packs\Microsoft.NETCore.App.Ref\6.0.20\ref\net6.0\System.Collections.dll;Dictionary;ContainsKey;CLASS;0
CBO;wizmachine/services/impl/sprworkmanagercore.cs;SprWorkManagerCore;InitDecodedFrameData;549;CALLS;C:\Program Files\dotnet\packs\Microsoft.NETCore.App.Ref\6.0.20\ref\net6.0\System.Collections.dll;List;Add;CLASS;0
CBO;wizmachine/services/impl/sprworkmanagercore.cs;SprWorkManagerCore;InitDecodedFrameData;549;CALLS;wizmachine/utils/logger.cs;Logger;I;CLASS;44
CBO;wizmachine/services/utils/nativeengine.cs;NativeAPIAdapter;ForceCheckCertPermission;111;CALLS;wizmachine/services/utils/nativeengine.cs;NativeEngine;ForceCheckCertPermission;CLASS;87
CBO;wizmachine/services/utils/nativeengine.cs;NativeAPIAdapter;GetSignedCertInfoFromFile;124;CALLS;wizmachine/services/utils/nativeengine.cs;NativeEngine;GetCertificateInfo;CLASS;102
CBO;wizmachine/services/utils/nativeengine.cs;NativeAPIAdapter;GetSignedCertInfoFromFile;124;CALLS;C:\Program Files\dotnet\packs\Microsoft.NETCore.App.Ref\6.0.20\ref\net6.0\System.Runtime.InteropServices.dll;Marshal;PtrToStringAnsi;CLASS;0
CBO;wizmachine/services/utils/nativeengine.cs;NativeAPIAdapter;GetSignedCertInfoFromFile;124;CALLS;C:\Program Files\dotnet\packs\Microsoft.NETCore.App.Ref\6.0.20\ref\net6.0\System.Runtime.InteropServices.dll;Marshal;PtrToStringAnsi;CLASS;0
CBO;wizmachine/services/utils/nativeengine.cs;NativeAPIAdapter;GetSignedCertInfoFromFile;124;CALLS;C:\Program Files\dotnet\packs\Microsoft.NETCore.App.Ref\6.0.20\ref\net6.0\System.Runtime.InteropServices.dll;Marshal;PtrToStringAnsi;CLASS;0
CBO;wizmachine/services/utils/nativeengine.cs;NativeAPIAdapter;GetSignedCertInfoFromFile;124;CALLS;C:\Program Files\dotnet\packs\Microsoft.NETCore.App.Ref\6.0.20\ref\net6.0\System.Runtime.InteropServices.dll;Marshal;PtrToStringAnsi;CLASS;0
CBO;wizmachine/services/utils/nativeengine.cs;NativeAPIAdapter;GetSignedCertInfoFromFile;124;CALLS;wizmachine/services/utils/nativeengine.cs;NativeEngine;FreeCertInfo;CLASS;105
CBO;wizmachine/services/utils/nativeengine.cs;NativeAPIAdapter;GetSignedCertInfoFromFile;124;CALLS;C:\Program Files\dotnet\packs\Microsoft.NETCore.App.Ref\6.0.20\ref\net6.0\System.Console.dll;Console;WriteLine;CLASS;0
CBO;wizmachine/services/utils/nativeengine.cs;NativeAPIAdapter;ExtractPakFile;149;CALLS;wizmachine/services/utils/nativeengine.cs;NativeEngine;ExtractPakFile;CLASS;78
CBO;wizmachine/services/utils/nativeengine.cs;NativeAPIAdapter;CompressFolderToPakFile;157;CALLS;wizmachine/services/utils/nativeengine.cs;NativeEngine;CompressFolderToPakFile;CLASS;83
CBO;wizmachine/services/utils/nativeengine.cs;NativeAPIAdapter;LoadSPRFile;164;CALLS;wizmachine/services/utils/nativeengine.cs;NativeEngine;LoadSPRFile;CLASS;61
CBO;wizmachine/services/utils/nativeengine.cs;NativeAPIAdapter;ConvertAndFreeNativeFrameDataToAppData;224;CALLS;C:\Program Files\dotnet\packs\Microsoft.NETCore.App.Ref\6.0.20\ref\net6.0\System.Runtime.InteropServices.dll;Marshal;Copy;CLASS;0
CBO;wizmachine/services/utils/nativeengine.cs;NativeAPIAdapter;ConvertAndFreeNativeFrameDataToAppData;224;CALLS;wizmachine/services/utils/nativeengine.cs;NativeEngine;FreeArrData;CLASS;74
CBO;wizmachine/services/utils/nativeengine.cs;NativeAPIAdapter;ConvertAndFreeNativeFrameDataToAppData;224;CALLS;C:\Program Files\dotnet\packs\Microsoft.NETCore.App.Ref\6.0.20\ref\net6.0\System.Runtime.InteropServices.dll;Marshal;Copy;CLASS;0
CBO;wizmachine/services/utils/nativeengine.cs;NativeAPIAdapter;ConvertAndFreeNativeFrameDataToAppData;224;CALLS;C:\Program Files\dotnet\packs\Microsoft.NETCore.App.Ref\6.0.20\ref\net6.0\System.Collections.dll;Dictionary;ContainsKey;CLASS;0
CBO;wizmachine/services/utils/nativeengine.cs;NativeAPIAdapter;ConvertAndFreeNativeFrameDataToAppData;224;CALLS;C:\Program Files\dotnet\packs\Microsoft.NETCore.App.Ref\6.0.20\ref\net6.0\System.Collections.dll;Dictionary;Add;CLASS;0
CBO;wizmachine/services/utils/nativeengine.cs;NativeAPIAdapter;ConvertAndFreeNativeFrameDataToAppData;224;CALLS;C:\Program Files\dotnet\packs\Microsoft.NETCore.App.Ref\6.0.20\ref\net6.0\System.Collections.dll;List;Add;CLASS;0
CBO;wizmachine/services/utils/nativeengine.cs;NativeAPIAdapter;ConvertAndFreeNativeFrameDataToAppData;224;CALLS;wizmachine/services/utils/nativeengine.cs;NativeEngine;FreeArrData;CLASS;74
CBO;wizmachine/utils/bitmaputil.cs;BitmapUtil;SelectMostUsePaletteColorFromCountableColorSource;13;CALLS;C:\Program Files\dotnet\packs\Microsoft.NETCore.App.Ref\6.0.20\ref\net6.0\System.Linq.dll;Enumerable;ToArray;CLASS;0
CBO;wizmachine/utils/bitmaputil.cs;BitmapUtil;SelectMostUsePaletteColorFromCountableColorSource;13;CALLS;C:\Program Files\dotnet\packs\Microsoft.NETCore.App.Ref\6.0.20\ref\net6.0\System.Linq.dll;Enumerable;Select;CLASS;0
CBO;wizmachine/utils/bitmaputil.cs;BitmapUtil;SelectMostUseColorFromCountableColorSource;25;CALLS;C:\Program Files\dotnet\packs\Microsoft.NETCore.App.Ref\6.0.20\ref\net6.0\System.Collections.dll;Dictionary;ContainsKey;CLASS;0
CBO;wizmachine/utils/bitmaputil.cs;BitmapUtil;SelectMostUseColorFromCountableColorSource;25;CALLS;C:\Program Files\dotnet\packs\Microsoft.NETCore.App.Ref\6.0.20\ref\net6.0\System.Collections.dll;Dictionary;Add;CLASS;0
CBO;wizmachine/utils/bitmaputil.cs;BitmapUtil;SelectMostUseColorFromCountableColorSource;25;CALLS;C:\Program Files\dotnet\packs\Microsoft.NETCore.App.Ref\6.0.20\ref\net6.0\System.Collections.dll;List;Add;CLASS;0
CBO;wizmachine/utils/bitmaputil.cs;BitmapUtil;SelectMostUseColorFromCountableColorSource;64;CALLS;C:\Program Files\dotnet\packs\Microsoft.NETCore.App.Ref\6.0.20\ref\net6.0\System.Linq.dll;Enumerable;ToList;CLASS;0
CBO;wizmachine/utils/bitmaputil.cs;BitmapUtil;SelectMostUseColorFromCountableColorSource;64;CALLS;C:\Program Files\dotnet\packs\Microsoft.NETCore.App.Ref\6.0.20\ref\net6.0\System.Linq.dll;Enumerable;OrderByDescending;CLASS;0
CBO;wizmachine/utils/bitmaputil.cs;BitmapUtil;SelectMostUseColorFromOrderedDescendingColorSource;98;CALLS;wizmachine/utils/colorutil.cs;ColorUtil;CalculateEuclideanDistance;CLASS;9
CBO;wizmachine/utils/bitmaputil.cs;BitmapUtil;SelectMostUseColorFromOrderedDescendingColorSource;98;CALLS;wizmachine/utils/colorutil.cs;ColorUtil;FindAlphaColors;CLASS;54
CBO;wizmachine/utils/bitmaputil.cs;BitmapUtil;SelectMostUseColorFromOrderedDescendingColorSource;98;CALLS;wizmachine/utils/colorutil.cs;ColorUtil;BlendColors;CLASS;33
CBO;wizmachine/utils/bitmaputil.cs;BitmapUtil;SelectMostUseColorFromOrderedDescendingColorSource;98;CALLS;C:\Program Files\dotnet\packs\Microsoft.WindowsDesktop.App.Ref\6.0.20\ref\net6.0\PresentationCore.dll;Color;FromArgb;CLASS;0
CBO;wizmachine/utils/bitmaputil.cs;BitmapUtil;SelectMostUseColorFromOrderedDescendingColorSource;98;CALLS;wizmachine/utils/colorutil.cs;ColorUtil;CalculateEuclideanDistance;CLASS;9
CBO;wizmachine/utils/bitmaputil.cs;BitmapUtil;SelectMostUseColorFromOrderedDescendingColorSource;98;CALLS;C:\Program Files\dotnet\packs\Microsoft.NETCore.App.Ref\6.0.20\ref\net6.0\System.Collections.dll;List;Add;CLASS;0
CBO;wizmachine/utils/bitmaputil.cs;BitmapUtil;SelectMostUseColorFromOrderedDescendingColorSource;98;CALLS;C:\Program Files\dotnet\packs\Microsoft.NETCore.App.Ref\6.0.20\ref\net6.0\System.Collections.dll;List;Add;CLASS;0
CBO;wizmachine/utils/bitmaputil.cs;BitmapUtil;SelectMostUseColorFromOrderedDescendingColorSource;98;CALLS;C:\Program Files\dotnet\packs\Microsoft.NETCore.App.Ref\6.0.20\ref\net6.0\System.Collections.dll;List;Add;CLASS;0
CBO;wizmachine/utils/bitmaputil.cs;BitmapUtil;SelectMostUseColorFromOrderedDescendingColorSource;98;CALLS;C:\Program Files\dotnet\packs\Microsoft.WindowsDesktop.App.Ref\6.0.20\ref\net6.0\PresentationCore.dll;Color;FromArgb;CLASS;0
CBO;wizmachine/utils/bitmaputil.cs;BitmapUtil;SelectMostUseColorFromOrderedDescendingColorSource;98;CALLS;C:\Program Files\dotnet\packs\Microsoft.NETCore.App.Ref\6.0.20\ref\net6.0\System.Collections.dll;List;RemoveAt;CLASS;0
CBO;wizmachine/utils/bitmaputil.cs;BitmapUtil;SelectMostUseColorFromOrderedDescendingColorSource;98;CALLS;C:\Program Files\dotnet\packs\Microsoft.NETCore.App.Ref\6.0.20\ref\net6.0\System.Collections.dll;List;Add;CLASS;0
CBO;wizmachine/utils/bitmaputil.cs;BitmapUtil;SelectMostUseColorFromOrderedDescendingColorSource;98;CALLS;C:\Program Files\dotnet\packs\Microsoft.NETCore.App.Ref\6.0.20\ref\net6.0\System.Collections.dll;List;RemoveAt;CLASS;0
CBO;wizmachine/utils/bitmaputil.cs;BitmapUtil;SelectMostUseColorFromOrderedDescendingColorSource;98;CALLS;wizmachine/utils/extension.cs;SharpExtension;Also;CLASS;102
CBO;wizmachine/utils/bitmaputil.cs;BitmapUtil;SelectMostUseColorFromOrderedDescendingColorSource;98;CALLS;C:\Program Files\dotnet\packs\Microsoft.NETCore.App.Ref\6.0.20\ref\net6.0\System.Linq.dll;Enumerable;ToList;CLASS;0
CBO;wizmachine/utils/bitmaputil.cs;BitmapUtil;SelectMostUseColorFromOrderedDescendingColorSource;98;CALLS;C:\Program Files\dotnet\packs\Microsoft.NETCore.App.Ref\6.0.20\ref\net6.0\System.Linq.dll;Enumerable;ToList;CLASS;0
CBO;wizmachine/utils/bitmaputil.cs;BitmapUtil;SelectMostUseColorFromOrderedDescendingColorSource;98;CALLS;wizmachine/utils/extension.cs;Extension;ReduceSameItem;CLASS;11
CBO;wizmachine/utils/bitmaputil.cs;BitmapUtil;SelectMostUseColorFromOrderedDescendingColorSource;98;CALLS;C:\Program Files\dotnet\packs\Microsoft.NETCore.App.Ref\6.0.20\ref\net6.0\System.Runtime.dll;Debug;WriteLine;CLASS;0
CBO;wizmachine/utils/bitmaputil.cs;BitmapUtil;CountBGRAColors;194;CALLS;C:\Program Files\dotnet\packs\Microsoft.WindowsDesktop.App.Ref\6.0.20\ref\net6.0\PresentationCore.dll;Color;FromArgb;CLASS;0
CBO;wizmachine/utils/bitmaputil.cs;BitmapUtil;CountBGRAColors;194;CALLS;C:\Program Files\dotnet\packs\Microsoft.NETCore.App.Ref\6.0.20\ref\net6.0\System.Collections.dll;Dictionary;ContainsKey;CLASS;0
CBO;wizmachine/utils/bitmaputil.cs;BitmapUtil;CountBGRAColors;194;CALLS;C:\Program Files\dotnet\packs\Microsoft.WindowsDesktop.App.Ref\6.0.20\ref\net6.0\PresentationCore.dll;Color;FromRgb;CLASS;0
CBO;wizmachine/utils/bitmaputil.cs;BitmapUtil;CountBGRAColors;194;CALLS;C:\Program Files\dotnet\packs\Microsoft.NETCore.App.Ref\6.0.20\ref\net6.0\System.Collections.dll;Dictionary;ContainsKey;CLASS;0
CBO;wizmachine/utils/bitmaputil.cs;BitmapUtil;CountColors;237;CALLS;C:\Program Files\dotnet\packs\Microsoft.WindowsDesktop.App.Ref\6.0.20\ref\net6.0\PresentationCore.dll;Color;FromArgb;CLASS;0
CBO;wizmachine/utils/bitmaputil.cs;BitmapUtil;CountColors;237;CALLS;C:\Program Files\dotnet\packs\Microsoft.NETCore.App.Ref\6.0.20\ref\net6.0\System.Collections.dll;Dictionary;ContainsKey;CLASS;0
CBO;wizmachine/utils/bitmaputil.cs;BitmapUtil;CountColors;237;CALLS;C:\Program Files\dotnet\packs\Microsoft.WindowsDesktop.App.Ref\6.0.20\ref\net6.0\PresentationCore.dll;Color;FromRgb;CLASS;0
CBO;wizmachine/utils/bitmaputil.cs;BitmapUtil;CountColors;237;CALLS;C:\Program Files\dotnet\packs\Microsoft.NETCore.App.Ref\6.0.20\ref\net6.0\System.Collections.dll;Dictionary;ContainsKey;CLASS;0
CBO;wizmachine/utils/bitmaputil.cs;BitmapUtil;CountColors;280;CALLS;C:\Program Files\dotnet\packs\Microsoft.WindowsDesktop.App.Ref\6.0.20\ref\net6.0\PresentationCore.dll;Color;FromArgb;CLASS;0
CBO;wizmachine/utils/bitmaputil.cs;BitmapUtil;CountColors;280;CALLS;C:\Program Files\dotnet\packs\Microsoft.NETCore.App.Ref\6.0.20\ref\net6.0\System.Collections.dll;Dictionary;ContainsKey;CLASS;0
CBO;wizmachine/utils/bitmaputil.cs;BitmapUtil;CountColors;280;CALLS;C:\Program Files\dotnet\packs\Microsoft.WindowsDesktop.App.Ref\6.0.20\ref\net6.0\PresentationCore.dll;Color;FromRgb;CLASS;0
CBO;wizmachine/utils/bitmaputil.cs;BitmapUtil;CountColors;280;CALLS;C:\Program Files\dotnet\packs\Microsoft.NETCore.App.Ref\6.0.20\ref\net6.0\System.Collections.dll;HashSet;Add;CLASS;0
CBO;wizmachine/utils/bitmaputil.cs;BitmapUtil;ConvertBitmapSourceToPaletteColorArray;374;CALLS;C:\Program Files\dotnet\packs\Microsoft.WindowsDesktop.App.Ref\6.0.20\ref\net6.0\PresentationCore.dll;Color;FromArgb;CLASS;0
CBO;wizmachine/utils/bitmaputil.cs;BitmapUtil;ConvertBitmapSourceToPaletteColorArray;374;CALLS;C:\Program Files\dotnet\packs\Microsoft.WindowsDesktop.App.Ref\6.0.20\ref\net6.0\PresentationCore.dll;Color;FromRgb;CLASS;0
CBO;wizmachine/utils/bitmaputil.cs;BitmapUtil;ConvertBitmapSourceToPaletteColorArray;374;CALLS;C:\Program Files\dotnet\packs\Microsoft.WindowsDesktop.App.Ref\6.0.20\ref\net6.0\PresentationCore.dll;Color;FromArgb;CLASS;0
CBO;wizmachine/utils/bitmaputil.cs;BitmapUtil;ConvertBitmapSourceToPaletteColorArray;374;CALLS;C:\Program Files\dotnet\packs\Microsoft.WindowsDesktop.App.Ref\6.0.20\ref\net6.0\PresentationCore.dll;Color;FromRgb;CLASS;0
CBO;wizmachine/utils/bitmaputil.cs;BitmapUtil;ConvertBitmapSourceToPaletteColorArray;374;CALLS;C:\Program Files\dotnet\packs\Microsoft.NETCore.App.Ref\6.0.20\ref\net6.0\System.Collections.dll;Dictionary;ContainsKey;CLASS;0
CBO;wizmachine/utils/bitmaputil.cs;BitmapUtil;ConvertBitmapSourceToPaletteColorArray;374;CALLS;C:\Program Files\dotnet\packs\Microsoft.NETCore.App.Ref\6.0.20\ref\net6.0\System.Collections.dll;Dictionary;Add;CLASS;0
CBO;wizmachine/utils/bitmaputil.cs;BitmapUtil;ConvertBitmapSourceToPaletteColorArray;374;CALLS;C:\Program Files\dotnet\packs\Microsoft.NETCore.App.Ref\6.0.20\ref\net6.0\System.Collections.dll;Dictionary;ContainsKey;CLASS;0
CBO;wizmachine/utils/bitmaputil.cs;BitmapUtil;ConvertBitmapSourceToPaletteColorArray;374;CALLS;C:\Program Files\dotnet\packs\Microsoft.NETCore.App.Ref\6.0.20\ref\net6.0\System.Collections.dll;List;Add;CLASS;0
CBO;wizmachine/utils/bitmaputil.cs;BitmapUtil;ConvertBitmapSourceToPaletteColorArray;374;CALLS;C:\Program Files\dotnet\packs\Microsoft.NETCore.App.Ref\6.0.20\ref\net6.0\System.Collections.dll;Dictionary;Add;CLASS;0
CBO;wizmachine/utils/bitmaputil.cs;BitmapUtil;ConvertBitmapSourceToPaletteColorArray;374;CALLS;C:\Program Files\dotnet\packs\Microsoft.NETCore.App.Ref\6.0.20\ref\net6.0\System.Collections.dll;Dictionary;Add;CLASS;0
CBO;wizmachine/utils/bitmaputil.cs;BitmapUtil;ConvertBitmapSourceToPaletteColorArray;374;CALLS;C:\Program Files\dotnet\packs\Microsoft.NETCore.App.Ref\6.0.20\ref\net6.0\System.Collections.dll;Dictionary;Add;CLASS;0
CBO;wizmachine/utils/certmanagerutil.cs;CertManagerUtil;CertManagerUtil;17;CALLS;C:\Program Files\dotnet\packs\Microsoft.NETCore.App.Ref\6.0.20\ref\net6.0\System.Runtime.dll;Assembly;GetExecutingAssembly;CLASS;0
CBO;wizmachine/utils/certmanagerutil.cs;CertManagerUtil;CertManagerUtil;17;CALLS;C:\Program Files\dotnet\packs\Microsoft.NETCore.App.Ref\6.0.20\ref\net6.0\System.Security.Cryptography.X509Certificates.dll;X509Certificate;CreateFromSignedFile;CLASS;0
CBO;wizmachine/utils/certmanagerutil.cs;CertManagerUtil;ForceCheckCurrentAssemblyCert;33;CALLS;wizmachine/services/utils/nativeengine.cs;NativeEngine;ForceCheckCertPermission;CLASS;87
CBO;wizmachine/utils/certmanagerutil.cs;CertManagerUtil;ForceCheckCert;38;CALLS;C:\Program Files\dotnet\packs\Microsoft.NETCore.App.Ref\6.0.20\ref\net6.0\System.Collections.dll;Dictionary;ContainsKey;CLASS;0
CBO;wizmachine/utils/certmanagerutil.cs;CertManagerUtil;ForceCheckCert;38;CALLS;wizmachine/services/utils/nativeengine.cs;NativeAPIAdapter;GetSignedCertInfoFromFile;CLASS;124
CBO;wizmachine/utils/certmanagerutil.cs;CertManagerUtil;ForceCheckCert;38;CALLS;wizmachine/services/utils/nativeengine.cs;NativeEngine;ForceCheckCertPermission;CLASS;87
CBO;wizmachine/utils/colorutil.cs;ColorUtil;CalculateEuclideanDistance;9;CALLS;C:\Program Files\dotnet\packs\Microsoft.NETCore.App.Ref\6.0.20\ref\net6.0\System.Runtime.dll;Math;Sqrt;CLASS;0
CBO;wizmachine/utils/colorutil.cs;ColorUtil;CalculateRGBEuclideanDistance;17;CALLS;C:\Program Files\dotnet\packs\Microsoft.NETCore.App.Ref\6.0.20\ref\net6.0\System.Runtime.dll;Math;Sqrt;CLASS;0
CBO;wizmachine/utils/colorutil.cs;ColorUtil;CalculateRGBEuclideanDistance;25;CALLS;C:\Program Files\dotnet\packs\Microsoft.NETCore.App.Ref\6.0.20\ref\net6.0\System.Runtime.dll;Math;Sqrt;CLASS;0
CBO;wizmachine/utils/colorutil.cs;ColorUtil;BlendColors;33;CALLS;C:\Program Files\dotnet\packs\Microsoft.WindowsDesktop.App.Ref\6.0.20\ref\net6.0\PresentationCore.dll;Color;FromArgb;CLASS;0
CBO;wizmachine/utils/colorutil.cs;ColorUtil;FindAlphaColors;54;CALLS;C:\Program Files\dotnet\packs\Microsoft.NETCore.App.Ref\6.0.20\ref\net6.0\System.Runtime.dll;Math;Round;CLASS;0
CBO;wizmachine/utils/colorutil.cs;ColorUtil;FindAlphaColors;54;CALLS;C:\Program Files\dotnet\packs\Microsoft.NETCore.App.Ref\6.0.20\ref\net6.0\System.Runtime.dll;Math;Round;CLASS;0
CBO;wizmachine/utils/colorutil.cs;ColorUtil;FindAlphaColors;54;CALLS;C:\Program Files\dotnet\packs\Microsoft.NETCore.App.Ref\6.0.20\ref\net6.0\System.Runtime.dll;Math;Round;CLASS;0
CBO;wizmachine/utils/colorutil.cs;ColorUtil;FindAlphaColors;54;CALLS;C:\Program Files\dotnet\packs\Microsoft.NETCore.App.Ref\6.0.20\ref\net6.0\System.Runtime.dll;Math;Round;CLASS;0
CBO;wizmachine/utils/colorutil.cs;ColorUtil;FindAlphaColors;54;CALLS;C:\Program Files\dotnet\packs\Microsoft.NETCore.App.Ref\6.0.20\ref\net6.0\System.Runtime.dll;Math;Abs;CLASS;0
CBO;wizmachine/utils/colorutil.cs;ColorUtil;FindAlphaColors;54;CALLS;C:\Program Files\dotnet\packs\Microsoft.NETCore.App.Ref\6.0.20\ref\net6.0\System.Runtime.dll;Math;Abs;CLASS;0
CBO;wizmachine/utils/colorutil.cs;ColorUtil;FindAlphaColors;54;CALLS;C:\Program Files\dotnet\packs\Microsoft.NETCore.App.Ref\6.0.20\ref\net6.0\System.Runtime.dll;Math;Abs;CLASS;0
CBO;wizmachine/utils/extension.cs;Extension;ReduceSameItem;11;CALLS;C:\Program Files\dotnet\packs\Microsoft.NETCore.App.Ref\6.0.20\ref\net6.0\System.Linq.dll;Enumerable;Select;CLASS;0
CBO;wizmachine/utils/extension.cs;Extension;ReduceSameItem;11;CALLS;C:\Program Files\dotnet\packs\Microsoft.NETCore.App.Ref\6.0.20\ref\net6.0\System.Linq.dll;Enumerable;GroupBy;CLASS;0
CBO;wizmachine/utils/extension.cs;Extension;CopyStructToList;16;CALLS;C:\Program Files\dotnet\packs\Microsoft.NETCore.App.Ref\6.0.20\ref\net6.0\System.Runtime.InteropServices.dll;Marshal;SizeOf;CLASS;0
CBO;wizmachine/utils/extension.cs;Extension;CopyStructToList;16;CALLS;C:\Program Files\dotnet\packs\Microsoft.NETCore.App.Ref\6.0.20\ref\net6.0\System.Runtime.InteropServices.dll;Marshal;AllocHGlobal;CLASS;0
CBO;wizmachine/utils/extension.cs;Extension;CopyStructToList;16;CALLS;C:\Program Files\dotnet\packs\Microsoft.NETCore.App.Ref\6.0.20\ref\net6.0\System.Runtime.InteropServices.dll;Marshal;StructureToPtr;CLASS;0
CBO;wizmachine/utils/extension.cs;Extension;CopyStructToList;16;CALLS;C:\Program Files\dotnet\packs\Microsoft.NETCore.App.Ref\6.0.20\ref\net6.0\System.Runtime.InteropServices.dll;Marshal;Copy;CLASS;0
CBO;wizmachine/utils/extension.cs;Extension;CopyStructToList;16;CALLS;C:\Program Files\dotnet\packs\Microsoft.NETCore.App.Ref\6.0.20\ref\net6.0\System.Runtime.InteropServices.dll;Marshal;FreeHGlobal;CLASS;0
CBO;wizmachine/utils/extension.cs;Extension;CopyStructToList;16;CALLS;C:\Program Files\dotnet\packs\Microsoft.NETCore.App.Ref\6.0.20\ref\net6.0\System.Collections.dll;List;AddRange;CLASS;0
CBO;wizmachine/utils/extension.cs;Extension;BinToStruct;27;CALLS;C:\Program Files\dotnet\packs\Microsoft.NETCore.App.Ref\6.0.20\ref\net6.0\System.Runtime.InteropServices.dll;Marshal;SizeOf;CLASS;0
CBO;wizmachine/utils/extension.cs;Extension;BinToStruct;27;CALLS;C:\Program Files\dotnet\packs\Microsoft.NETCore.App.Ref\6.0.20\ref\net6.0\System.Console.dll;Console;WriteLine;CLASS;0
CBO;wizmachine/utils/extension.cs;Extension;BinToStruct;27;CALLS;C:\Program Files\dotnet\packs\Microsoft.NETCore.App.Ref\6.0.20\ref\net6.0\System.Runtime.InteropServices.dll;Marshal;AllocHGlobal;CLASS;0
CBO;wizmachine/utils/extension.cs;Extension;BinToStruct;27;CALLS;C:\Program Files\dotnet\packs\Microsoft.NETCore.App.Ref\6.0.20\ref\net6.0\System.Runtime.InteropServices.dll;Marshal;Copy;CLASS;0
CBO;wizmachine/utils/extension.cs;Extension;BinToStruct;27;CALLS;C:\Program Files\dotnet\packs\Microsoft.NETCore.App.Ref\6.0.20\ref\net6.0\System.Runtime.InteropServices.dll;Marshal;PtrToStructure;CLASS;0
CBO;wizmachine/utils/extension.cs;Extension;BinToStruct;27;CALLS;C:\Program Files\dotnet\packs\Microsoft.NETCore.App.Ref\6.0.20\ref\net6.0\System.Runtime.InteropServices.dll;Marshal;FreeHGlobal;CLASS;0
CBO;wizmachine/utils/extension.cs;Extension;ToByteArray;49;CALLS;C:\Program Files\dotnet\packs\Microsoft.NETCore.App.Ref\6.0.20\ref\net6.0\System.Runtime.InteropServices.dll;Marshal;SizeOf;CLASS;0
CBO;wizmachine/utils/extension.cs;Extension;ToByteArray;49;CALLS;C:\Program Files\dotnet\packs\Microsoft.NETCore.App.Ref\6.0.20\ref\net6.0\System.Runtime.InteropServices.dll;Marshal;AllocHGlobal;CLASS;0
CBO;wizmachine/utils/extension.cs;Extension;ToByteArray;49;CALLS;C:\Program Files\dotnet\packs\Microsoft.NETCore.App.Ref\6.0.20\ref\net6.0\System.Runtime.InteropServices.dll;Marshal;StructureToPtr;CLASS;0
CBO;wizmachine/utils/extension.cs;Extension;ToByteArray;49;CALLS;C:\Program Files\dotnet\packs\Microsoft.NETCore.App.Ref\6.0.20\ref\net6.0\System.Runtime.InteropServices.dll;Marshal;Copy;CLASS;0
CBO;wizmachine/utils/extension.cs;Extension;ToByteArray;49;CALLS;C:\Program Files\dotnet\packs\Microsoft.NETCore.App.Ref\6.0.20\ref\net6.0\System.Runtime.InteropServices.dll;Marshal;FreeHGlobal;CLASS;0
CBO;wizmachine/utils/extension.cs;Extension;CopyStructToArray;60;CALLS;C:\Program Files\dotnet\packs\Microsoft.NETCore.App.Ref\6.0.20\ref\net6.0\System.Runtime.InteropServices.dll;Marshal;SizeOf;CLASS;0
CBO;wizmachine/utils/extension.cs;Extension;CopyStructToArray;60;CALLS;C:\Program Files\dotnet\packs\Microsoft.NETCore.App.Ref\6.0.20\ref\net6.0\System.Runtime.InteropServices.dll;Marshal;AllocHGlobal;CLASS;0
CBO;wizmachine/utils/extension.cs;Extension;CopyStructToArray;60;CALLS;C:\Program Files\dotnet\packs\Microsoft.NETCore.App.Ref\6.0.20\ref\net6.0\System.Runtime.InteropServices.dll;Marshal;StructureToPtr;CLASS;0
CBO;wizmachine/utils/extension.cs;Extension;CopyStructToArray;60;CALLS;C:\Program Files\dotnet\packs\Microsoft.NETCore.App.Ref\6.0.20\ref\net6.0\System.Runtime.InteropServices.dll;Marshal;Copy;CLASS;0
CBO;wizmachine/utils/extension.cs;Extension;CopyStructToArray;60;CALLS;C:\Program Files\dotnet\packs\Microsoft.NETCore.App.Ref\6.0.20\ref\net6.0\System.Runtime.InteropServices.dll;Marshal;FreeHGlobal;CLASS;0
CBO;wizmachine/utils/extension.cs;SharpExtension;IfNullThenLet;75;CALLS;C:\Program Files\dotnet\packs\Microsoft.NETCore.App.Ref\6.0.20\ref\net6.0\System.Runtime.dll;Func;Invoke;CLASS;0
CBO;wizmachine/utils/extension.cs;SharpExtension;ApplyIfNotNull;84;CALLS;C:\Program Files\dotnet\packs\Microsoft.NETCore.App.Ref\6.0.20\ref\net6.0\System.Runtime.dll;Action;Invoke;CLASS;0
CBO;wizmachine/utils/extension.cs;SharpExtension;Apply;92;CALLS;C:\Program Files\dotnet\packs\Microsoft.NETCore.App.Ref\6.0.20\ref\net6.0\System.Runtime.dll;Action;Invoke;CLASS;0
CBO;wizmachine/utils/extension.cs;SharpExtension;Let;97;CALLS;C:\Program Files\dotnet\packs\Microsoft.NETCore.App.Ref\6.0.20\ref\net6.0\System.Runtime.dll;Func;Invoke;CLASS;0
CBO;wizmachine/utils/extension.cs;SharpExtension;Also;102;CALLS;C:\Program Files\dotnet\packs\Microsoft.NETCore.App.Ref\6.0.20\ref\net6.0\System.Runtime.dll;Action;Invoke;CLASS;0
CBO;wizmachine/utils/extension.cs;SharpExtension;FoEach;108;CALLS;C:\Program Files\dotnet\packs\Microsoft.NETCore.App.Ref\6.0.20\ref\net6.0\System.Runtime.dll;Action;Invoke;CLASS;0
CBO;wizmachine/utils/extension.cs;SharpExtension;FoEach;116;CALLS;C:\Program Files\dotnet\packs\Microsoft.NETCore.App.Ref\6.0.20\ref\net6.0\System.Runtime.dll;IEnumerable;GetEnumerator;CLASS;0
CBO;wizmachine/utils/extension.cs;SharpExtension;FoEach;116;CALLS;C:\Program Files\dotnet\packs\Microsoft.NETCore.App.Ref\6.0.20\ref\net6.0\System.Runtime.dll;IEnumerator;MoveNext;CLASS;0
CBO;wizmachine/utils/extension.cs;SharpExtension;FoEach;116;CALLS;C:\Program Files\dotnet\packs\Microsoft.NETCore.App.Ref\6.0.20\ref\net6.0\System.Runtime.dll;Action;Invoke;CLASS;0
CBO;wizmachine/utils/extension.cs;SharpExtension;FoEach;116;CALLS;C:\Program Files\dotnet\packs\Microsoft.NETCore.App.Ref\6.0.20\ref\net6.0\System.Runtime.dll;IDisposable;Dispose;CLASS;0
CBO;wizmachine/utils/extension.cs;SharpExtension;IfNullOrEmpty;127;CALLS;C:\Program Files\dotnet\packs\Microsoft.NETCore.App.Ref\6.0.20\ref\net6.0\System.Runtime.dll;String;IsNullOrEmpty;CLASS;0
CBO;wizmachine/utils/extension.cs;SharpExtension;IfNullOrEmpty;127;CALLS;C:\Program Files\dotnet\packs\Microsoft.NETCore.App.Ref\6.0.20\ref\net6.0\System.Runtime.dll;Action;Invoke;CLASS;0
CBO;wizmachine/utils/extension.cs;SharpExtension;IfNotNullOrEmpty;135;CALLS;C:\Program Files\dotnet\packs\Microsoft.NETCore.App.Ref\6.0.20\ref\net6.0\System.Runtime.dll;String;IsNullOrEmpty;CLASS;0
CBO;wizmachine/utils/extension.cs;SharpExtension;IfNotNullOrEmpty;135;CALLS;C:\Program Files\dotnet\packs\Microsoft.NETCore.App.Ref\6.0.20\ref\net6.0\System.Runtime.dll;Action;Invoke;CLASS;0
CBO;wizmachine/utils/extension.cs;SharpExtension;FoEach;143;CALLS;C:\Program Files\dotnet\packs\Microsoft.NETCore.App.Ref\6.0.20\ref\net6.0\System.Runtime.dll;IEnumerable;GetEnumerator;CLASS;0
CBO;wizmachine/utils/extension.cs;SharpExtension;FoEach;143;CALLS;C:\Program Files\dotnet\packs\Microsoft.NETCore.App.Ref\6.0.20\ref\net6.0\System.Runtime.dll;IEnumerator;MoveNext;CLASS;0
CBO;wizmachine/utils/extension.cs;SharpExtension;FoEach;143;CALLS;C:\Program Files\dotnet\packs\Microsoft.NETCore.App.Ref\6.0.20\ref\net6.0\System.Runtime.dll;Func;Invoke;CLASS;0
CBO;wizmachine/utils/extension.cs;SharpExtension;FoEach;143;CALLS;C:\Program Files\dotnet\packs\Microsoft.NETCore.App.Ref\6.0.20\ref\net6.0\System.Runtime.dll;IDisposable;Dispose;CLASS;0
CBO;wizmachine/utils/extension.cs;SharpExtension;FoEach;155;CALLS;C:\Program Files\dotnet\packs\Microsoft.NETCore.App.Ref\6.0.20\ref\net6.0\System.Runtime.dll;Func;Invoke;CLASS;0
CBO;wizmachine/utils/extension.cs;SharpExtension;For;165;CALLS;C:\Program Files\dotnet\packs\Microsoft.NETCore.App.Ref\6.0.20\ref\net6.0\System.Runtime.dll;Func;Invoke;CLASS;0
CBO;wizmachine/utils/extension.cs;SharpExtension;ForEachNonEmptyLine;174;CALLS;C:\Program Files\dotnet\packs\Microsoft.NETCore.App.Ref\6.0.20\ref\net6.0\System.Runtime.dll;String;Split;CLASS;0
CBO;wizmachine/utils/extension.cs;SharpExtension;ForEachNonEmptyLine;174;CALLS;C:\Program Files\dotnet\packs\Microsoft.NETCore.App.Ref\6.0.20\ref\net6.0\System.Runtime.dll;Action;Invoke;CLASS;0
CBO;wizmachine/utils/extension.cs;SharpExtension;ForEachLine;183;CALLS;C:\Program Files\dotnet\packs\Microsoft.NETCore.App.Ref\6.0.20\ref\net6.0\System.Runtime.dll;String;Split;CLASS;0
CBO;wizmachine/utils/extension.cs;SharpExtension;ForEachLine;183;CALLS;C:\Program Files\dotnet\packs\Microsoft.NETCore.App.Ref\6.0.20\ref\net6.0\System.Runtime.dll;Action;Invoke;CLASS;0
CBO;wizmachine/utils/extension.cs;SharpExtension;IfFalseApply;192;CALLS;C:\Program Files\dotnet\packs\Microsoft.NETCore.App.Ref\6.0.20\ref\net6.0\System.Runtime.dll;Action;Invoke;CLASS;0
CBO;wizmachine/utils/extension.cs;SharpExtension;IfTrueApply;201;CALLS;C:\Program Files\dotnet\packs\Microsoft.NETCore.App.Ref\6.0.20\ref\net6.0\System.Runtime.dll;Action;Invoke;CLASS;0
CBO;wizmachine/utils/extension.cs;SharpExtension;IfNull;215;CALLS;C:\Program Files\dotnet\packs\Microsoft.NETCore.App.Ref\6.0.20\ref\net6.0\System.Runtime.dll;Action;Invoke;CLASS;0
CBO;wizmachine/utils/extension.cs;SharpExtension;IfIs;222;CALLS;C:\Program Files\dotnet\packs\Microsoft.NETCore.App.Ref\6.0.20\ref\net6.0\System.Runtime.dll;Action;Invoke;CLASS;0
CBO;wizmachine/utils/extension.cs;SharpExtension;IfIs;222;CALLS;C:\Program Files\dotnet\packs\Microsoft.NETCore.App.Ref\6.0.20\ref\net6.0\System.Runtime.dll;Action;Invoke;CLASS;0
CBO;wizmachine/utils/extension.cs;SharpExtension;IfIsThenAlso;234;CALLS;C:\Program Files\dotnet\packs\Microsoft.NETCore.App.Ref\6.0.20\ref\net6.0\System.Runtime.dll;Func;Invoke;CLASS;0
CBO;wizmachine/utils/extension.cs;SharpExtension;IfIsThenLet;243;CALLS;C:\Program Files\dotnet\packs\Microsoft.NETCore.App.Ref\6.0.20\ref\net6.0\System.Runtime.dll;Func;Invoke;CLASS;0
CBO;wizmachine/utils/logger.cs;Logger;Logger;14;READS;wizmachine/enginekeeper.cs;EngineKeeper;LogWriter;CLASS;13
CBO;wizmachine/utils/logger.cs;Logger;I;44;CALLS;C:\Program Files\dotnet\packs\Microsoft.NETCore.App.Ref\6.0.20\ref\net6.0\System.Runtime.dll;DateTime;ToString;CLASS;0
CBO;wizmachine/utils/logger.cs;Logger;I;44;CALLS;C:\Program Files\dotnet\packs\Microsoft.NETCore.App.Ref\6.0.20\ref\net6.0\System.Runtime.dll;Debug;WriteLine;CLASS;0
CBO;wizmachine/utils/logger.cs;Logger;E;51;CALLS;C:\Program Files\dotnet\packs\Microsoft.NETCore.App.Ref\6.0.20\ref\net6.0\System.Runtime.dll;DateTime;ToString;CLASS;0
CBO;wizmachine/utils/logger.cs;Logger;E;51;CALLS;C:\Program Files\dotnet\packs\Microsoft.NETCore.App.Ref\6.0.20\ref\net6.0\System.Runtime.dll;Debug;WriteLine;CLASS;0
CBO;wizmachine/utils/logger.cs;Logger$Raw;I;70;CALLS;C:\Program Files\dotnet\packs\Microsoft.NETCore.App.Ref\6.0.20\ref\net6.0\System.Runtime.dll;DateTime;ToString;CLASS;0
CBO;wizmachine/utils/logger.cs;Logger$Raw;I;70;CALLS;C:\Program Files\dotnet\packs\Microsoft.NETCore.App.Ref\6.0.20\ref\net6.0\System.Runtime.dll;Debug;WriteLine;CLASS;0
CBO;wizmachine/utils/logger.cs;Logger$Raw;E;77;CALLS;C:\Program Files\dotnet\packs\Microsoft.NETCore.App.Ref\6.0.20\ref\net6.0\System.Runtime.dll;DateTime;ToString;CLASS;0
CBO;wizmachine/utils/logger.cs;Logger$Raw;E;77;CALLS;C:\Program Files\dotnet\packs\Microsoft.NETCore.App.Ref\6.0.20\ref\net6.0\System.Runtime.dll;Debug;WriteLine;CLASS;0
